,date,county,state,fips,cases,deaths
416,2020-03-01,New York City,New York,,1,0
448,2020-03-02,New York City,New York,,1,0
482,2020-03-03,New York City,New York,,2,0
518,2020-03-04,New York City,New York,,2,0
519,2020-03-04,Westchester,New York,36119.0,9,0
564,2020-03-05,Nassau,New York,36059.0,1,0
565,2020-03-05,New York City,New York,,4,0
566,2020-03-05,Westchester,New York,36119.0,17,0
626,2020-03-06,Nassau,New York,36059.0,4,0
627,2020-03-06,New York City,New York,,5,0
628,2020-03-06,Rockland,New York,36087.0,2,0
629,2020-03-06,Westchester,New York,36119.0,33,0
714,2020-03-07,Nassau,New York,36059.0,4,0
715,2020-03-07,New York City,New York,,12,0
716,2020-03-07,Rockland,New York,36087.0,2,0
717,2020-03-07,Saratoga,New York,36091.0,2,0
718,2020-03-07,Westchester,New York,36119.0,69,0
819,2020-03-08,Nassau,New York,36059.0,5,0
820,2020-03-08,New York City,New York,,14,0
821,2020-03-08,Rockland,New York,36087.0,2,0
822,2020-03-08,Saratoga,New York,36091.0,2,0
823,2020-03-08,Suffolk,New York,36103.0,1,0
824,2020-03-08,Ulster,New York,36111.0,1,0
825,2020-03-08,Westchester,New York,36119.0,81,0
946,2020-03-09,Nassau,New York,36059.0,17,0
947,2020-03-09,New York City,New York,,20,0
948,2020-03-09,Rockland,New York,36087.0,4,0
949,2020-03-09,Saratoga,New York,36091.0,2,0
950,2020-03-09,Suffolk,New York,36103.0,1,0
951,2020-03-09,Ulster,New York,36111.0,1,0
952,2020-03-09,Westchester,New York,36119.0,97,0
1097,2020-03-10,Nassau,New York,36059.0,19,0
1098,2020-03-10,New York City,New York,,37,0
1099,2020-03-10,Rockland,New York,36087.0,6,0
1100,2020-03-10,Saratoga,New York,36091.0,2,0
1101,2020-03-10,Suffolk,New York,36103.0,1,0
1102,2020-03-10,Ulster,New York,36111.0,1,0
1103,2020-03-10,Westchester,New York,36119.0,107,0
1283,2020-03-11,Monroe,New York,36055.0,1,0
1284,2020-03-11,Nassau,New York,36059.0,28,0
1285,2020-03-11,New York City,New York,,52,0
1286,2020-03-11,Rockland,New York,36087.0,6,0
1287,2020-03-11,Saratoga,New York,36091.0,2,0
1288,2020-03-11,Suffolk,New York,36103.0,6,0
1289,2020-03-11,Ulster,New York,36111.0,2,0
1290,2020-03-11,Westchester,New York,36119.0,120,0
1515,2020-03-12,Albany,New York,36001.0,2,0
1516,2020-03-12,Delaware,New York,36025.0,1,0
1517,2020-03-12,Dutchess,New York,36027.0,1,0
1518,2020-03-12,Herkimer,New York,36043.0,1,0
1519,2020-03-12,Monroe,New York,36055.0,1,0
1520,2020-03-12,Nassau,New York,36059.0,41,0
1521,2020-03-12,New York City,New York,,96,0
1522,2020-03-12,Orange,New York,36071.0,1,0
1523,2020-03-12,Rockland,New York,36087.0,7,0
1524,2020-03-12,Saratoga,New York,36091.0,3,0
1525,2020-03-12,Suffolk,New York,36103.0,21,0
1526,2020-03-12,Ulster,New York,36111.0,4,0
1527,2020-03-12,Westchester,New York,36119.0,147,0
1808,2020-03-13,Albany,New York,36001.0,2,0
1809,2020-03-13,Delaware,New York,36025.0,1,0
1810,2020-03-13,Dutchess,New York,36027.0,3,0
1811,2020-03-13,Herkimer,New York,36043.0,1,0
1812,2020-03-13,Monroe,New York,36055.0,1,0
1813,2020-03-13,Nassau,New York,36059.0,51,0
1814,2020-03-13,New York City,New York,,155,0
1815,2020-03-13,Orange,New York,36071.0,3,0
1816,2020-03-13,Rockland,New York,36087.0,9,0
1817,2020-03-13,Saratoga,New York,36091.0,3,0
1818,2020-03-13,Schenectady,New York,36093.0,1,0
1819,2020-03-13,Suffolk,New York,36103.0,29,0
1820,2020-03-13,Ulster,New York,36111.0,5,0
1821,2020-03-13,Westchester,New York,36119.0,157,0
2156,2020-03-14,Albany,New York,36001.0,5,0
2157,2020-03-14,Broome,New York,36007.0,1,0
2158,2020-03-14,Delaware,New York,36025.0,1,0
2159,2020-03-14,Dutchess,New York,36027.0,4,0
2160,2020-03-14,Herkimer,New York,36043.0,1,0
2161,2020-03-14,Monroe,New York,36055.0,2,0
2162,2020-03-14,Nassau,New York,36059.0,79,0
2163,2020-03-14,New York City,New York,,269,1
2164,2020-03-14,Orange,New York,36071.0,6,0
2165,2020-03-14,Rockland,New York,36087.0,12,1
2166,2020-03-14,Saratoga,New York,36091.0,3,0
2167,2020-03-14,Schenectady,New York,36093.0,1,0
2168,2020-03-14,Suffolk,New York,36103.0,41,0
2169,2020-03-14,Tioga,New York,36107.0,1,0
2170,2020-03-14,Tompkins,New York,36109.0,1,0
2171,2020-03-14,Ulster,New York,36111.0,5,0
2172,2020-03-14,Westchester,New York,36119.0,178,0
2564,2020-03-15,Albany,New York,36001.0,11,0
2565,2020-03-15,Broome,New York,36007.0,1,0
2566,2020-03-15,Delaware,New York,36025.0,1,0
2567,2020-03-15,Dutchess,New York,36027.0,7,0
2568,2020-03-15,Erie,New York,36029.0,3,0
2569,2020-03-15,Greene,New York,36039.0,2,0
2570,2020-03-15,Herkimer,New York,36043.0,1,0
2571,2020-03-15,Monroe,New York,36055.0,2,0
2572,2020-03-15,Montgomery,New York,36057.0,1,0
2573,2020-03-15,Nassau,New York,36059.0,98,0
2574,2020-03-15,New York City,New York,,330,5
2575,2020-03-15,Orange,New York,36071.0,6,0
2576,2020-03-15,Putnam,New York,36079.0,2,0
2577,2020-03-15,Rockland,New York,36087.0,13,1
2578,2020-03-15,Saratoga,New York,36091.0,3,0
2579,2020-03-15,Schenectady,New York,36093.0,2,0
2580,2020-03-15,Suffolk,New York,36103.0,47,0
2581,2020-03-15,Tioga,New York,36107.0,1,0
2582,2020-03-15,Tompkins,New York,36109.0,1,0
2583,2020-03-15,Ulster,New York,36111.0,5,0
2584,2020-03-15,Westchester,New York,36119.0,195,0
3022,2020-03-16,Albany,New York,36001.0,12,0
3023,2020-03-16,Allegany,New York,36003.0,2,0
3024,2020-03-16,Broome,New York,36007.0,1,0
3025,2020-03-16,Delaware,New York,36025.0,1,0
3026,2020-03-16,Dutchess,New York,36027.0,10,0
3027,2020-03-16,Erie,New York,36029.0,6,0
3028,2020-03-16,Greene,New York,36039.0,2,0
3029,2020-03-16,Herkimer,New York,36043.0,1,0
3030,2020-03-16,Monroe,New York,36055.0,10,0
3031,2020-03-16,Montgomery,New York,36057.0,1,0
3032,2020-03-16,Nassau,New York,36059.0,109,0
3033,2020-03-16,New York City,New York,,464,7
3034,2020-03-16,Onondaga,New York,36067.0,1,0
3035,2020-03-16,Ontario,New York,36069.0,1,0
3036,2020-03-16,Orange,New York,36071.0,11,0
3037,2020-03-16,Putnam,New York,36079.0,2,0
3038,2020-03-16,Rockland,New York,36087.0,16,1
3039,2020-03-16,Saratoga,New York,36091.0,5,0
3040,2020-03-16,Schenectady,New York,36093.0,4,0
3041,2020-03-16,Suffolk,New York,36103.0,63,2
3042,2020-03-16,Tioga,New York,36107.0,1,0
3043,2020-03-16,Tompkins,New York,36109.0,1,0
3044,2020-03-16,Ulster,New York,36111.0,7,0
3045,2020-03-16,Westchester,New York,36119.0,219,0
3537,2020-03-17,Albany,New York,36001.0,23,0
3538,2020-03-17,Allegany,New York,36003.0,2,0
3539,2020-03-17,Broome,New York,36007.0,1,0
3540,2020-03-17,Clinton,New York,36019.0,1,0
3541,2020-03-17,Delaware,New York,36025.0,1,0
3542,2020-03-17,Dutchess,New York,36027.0,16,0
3543,2020-03-17,Erie,New York,36029.0,7,0
3544,2020-03-17,Greene,New York,36039.0,2,0
3545,2020-03-17,Herkimer,New York,36043.0,1,0
3546,2020-03-17,Monroe,New York,36055.0,11,0
3547,2020-03-17,Montgomery,New York,36057.0,1,0
3548,2020-03-17,Nassau,New York,36059.0,131,2
3549,2020-03-17,New York City,New York,,645,10
3550,2020-03-17,Onondaga,New York,36067.0,2,0
3551,2020-03-17,Ontario,New York,36069.0,1,0
3552,2020-03-17,Orange,New York,36071.0,15,0
3553,2020-03-17,Putnam,New York,36079.0,2,0
3554,2020-03-17,Rensselaer,New York,36083.0,1,0
3555,2020-03-17,Rockland,New York,36087.0,22,2
3556,2020-03-17,Saratoga,New York,36091.0,9,0
3557,2020-03-17,Schenectady,New York,36093.0,5,0
3558,2020-03-17,Suffolk,New York,36103.0,84,3
3559,2020-03-17,Sullivan,New York,36105.0,1,0
3560,2020-03-17,Tioga,New York,36107.0,1,0
3561,2020-03-17,Tompkins,New York,36109.0,1,0
3562,2020-03-17,Ulster,New York,36111.0,8,0
3563,2020-03-17,Westchester,New York,36119.0,379,0
3564,2020-03-17,Wyoming,New York,36121.0,1,0
4133,2020-03-18,Albany,New York,36001.0,36,0
4134,2020-03-18,Allegany,New York,36003.0,2,0
4135,2020-03-18,Broome,New York,36007.0,2,0
4136,2020-03-18,Chenango,New York,36017.0,1,0
4137,2020-03-18,Clinton,New York,36019.0,1,0
4138,2020-03-18,Delaware,New York,36025.0,1,0
4139,2020-03-18,Dutchess,New York,36027.0,20,0
4140,2020-03-18,Erie,New York,36029.0,7,0
4141,2020-03-18,Essex,New York,36031.0,1,0
4142,2020-03-18,Greene,New York,36039.0,2,0
4143,2020-03-18,Hamilton,New York,36041.0,1,0
4144,2020-03-18,Herkimer,New York,36043.0,1,0
4145,2020-03-18,Jefferson,New York,36045.0,1,0
4146,2020-03-18,Livingston,New York,36051.0,1,0
4147,2020-03-18,Monroe,New York,36055.0,14,0
4148,2020-03-18,Montgomery,New York,36057.0,1,0
4149,2020-03-18,Nassau,New York,36059.0,183,2
4150,2020-03-18,New York City,New York,,1339,20
4151,2020-03-18,Onondaga,New York,36067.0,2,0
4152,2020-03-18,Ontario,New York,36069.0,1,0
4153,2020-03-18,Orange,New York,36071.0,32,0
4154,2020-03-18,Putnam,New York,36079.0,2,0
4155,2020-03-18,Rensselaer,New York,36083.0,4,0
4156,2020-03-18,Rockland,New York,36087.0,30,2
4157,2020-03-18,Saratoga,New York,36091.0,14,0
4158,2020-03-18,Schenectady,New York,36093.0,14,0
4159,2020-03-18,Suffolk,New York,36103.0,116,3
4160,2020-03-18,Sullivan,New York,36105.0,1,0
4161,2020-03-18,Tioga,New York,36107.0,1,0
4162,2020-03-18,Tompkins,New York,36109.0,2,0
4163,2020-03-18,Ulster,New York,36111.0,9,0
4164,2020-03-18,Warren,New York,36113.0,1,0
4165,2020-03-18,Washington,New York,36115.0,1,0
4166,2020-03-18,Westchester,New York,36119.0,537,0
4167,2020-03-18,Wyoming,New York,36121.0,1,0
4862,2020-03-19,Albany,New York,36001.0,43,0
4863,2020-03-19,Allegany,New York,36003.0,2,0
4864,2020-03-19,Broome,New York,36007.0,2,0
4865,2020-03-19,Chenango,New York,36017.0,1,0
4866,2020-03-19,Clinton,New York,36019.0,1,0
4867,2020-03-19,Delaware,New York,36025.0,1,0
4868,2020-03-19,Dutchess,New York,36027.0,31,0
4869,2020-03-19,Erie,New York,36029.0,28,0
4870,2020-03-19,Essex,New York,36031.0,1,0
4871,2020-03-19,Greene,New York,36039.0,2,0
4872,2020-03-19,Hamilton,New York,36041.0,1,0
4873,2020-03-19,Herkimer,New York,36043.0,1,0
4874,2020-03-19,Jefferson,New York,36045.0,1,0
4875,2020-03-19,Livingston,New York,36051.0,1,0
4876,2020-03-19,Monroe,New York,36055.0,28,0
4877,2020-03-19,Montgomery,New York,36057.0,1,0
4878,2020-03-19,Nassau,New York,36059.0,382,3
4879,2020-03-19,New York City,New York,,2468,22
4880,2020-03-19,Onondaga,New York,36067.0,2,0
4881,2020-03-19,Ontario,New York,36069.0,1,0
4882,2020-03-19,Orange,New York,36071.0,51,0
4883,2020-03-19,Putnam,New York,36079.0,2,0
4884,2020-03-19,Rensselaer,New York,36083.0,4,0
4885,2020-03-19,Rockland,New York,36087.0,53,2
4886,2020-03-19,Saratoga,New York,36091.0,14,0
4887,2020-03-19,Schenectady,New York,36093.0,21,0
4888,2020-03-19,Schoharie,New York,36095.0,1,0
4889,2020-03-19,Suffolk,New York,36103.0,178,3
4890,2020-03-19,Sullivan,New York,36105.0,8,0
4891,2020-03-19,Tioga,New York,36107.0,1,0
4892,2020-03-19,Tompkins,New York,36109.0,7,0
4893,2020-03-19,Ulster,New York,36111.0,12,0
4894,2020-03-19,Warren,New York,36113.0,1,0
4895,2020-03-19,Washington,New York,36115.0,1,0
4896,2020-03-19,Wayne,New York,36117.0,1,0
4897,2020-03-19,Westchester,New York,36119.0,797,0
4898,2020-03-19,Wyoming,New York,36121.0,2,0
5708,2020-03-20,Albany,New York,36001.0,61,0
5709,2020-03-20,Allegany,New York,36003.0,2,0
5710,2020-03-20,Broome,New York,36007.0,2,0
5711,2020-03-20,Chenango,New York,36017.0,2,0
5712,2020-03-20,Clinton,New York,36019.0,2,0
5713,2020-03-20,Columbia,New York,36021.0,1,0
5714,2020-03-20,Delaware,New York,36025.0,1,0
5715,2020-03-20,Dutchess,New York,36027.0,36,0
5716,2020-03-20,Erie,New York,36029.0,31,0
5717,2020-03-20,Essex,New York,36031.0,1,0
5718,2020-03-20,Fulton,New York,36035.0,1,0
5719,2020-03-20,Genesee,New York,36037.0,1,0
5720,2020-03-20,Greene,New York,36039.0,2,0
5721,2020-03-20,Hamilton,New York,36041.0,2,0
5722,2020-03-20,Herkimer,New York,36043.0,2,0
5723,2020-03-20,Jefferson,New York,36045.0,1,0
5724,2020-03-20,Livingston,New York,36051.0,1,0
5725,2020-03-20,Monroe,New York,36055.0,32,0
5726,2020-03-20,Montgomery,New York,36057.0,2,0
5727,2020-03-20,Nassau,New York,36059.0,754,4
5728,2020-03-20,New York City,New York,,4408,43
5729,2020-03-20,Niagara,New York,36063.0,3,0
5730,2020-03-20,Oneida,New York,36065.0,2,0
5731,2020-03-20,Onondaga,New York,36067.0,8,0
5732,2020-03-20,Ontario,New York,36069.0,3,0
5733,2020-03-20,Orange,New York,36071.0,84,0
5734,2020-03-20,Putnam,New York,36079.0,7,0
5735,2020-03-20,Rensselaer,New York,36083.0,8,0
5736,2020-03-20,Rockland,New York,36087.0,101,3
5737,2020-03-20,Saratoga,New York,36091.0,24,0
5738,2020-03-20,Schenectady,New York,36093.0,21,0
5739,2020-03-20,Schoharie,New York,36095.0,1,0
5740,2020-03-20,Suffolk,New York,36103.0,371,7
5741,2020-03-20,Sullivan,New York,36105.0,8,0
5742,2020-03-20,Tioga,New York,36107.0,1,0
5743,2020-03-20,Tompkins,New York,36109.0,7,0
5744,2020-03-20,Ulster,New York,36111.0,12,0
5745,2020-03-20,Warren,New York,36113.0,1,0
5746,2020-03-20,Washington,New York,36115.0,1,0
5747,2020-03-20,Wayne,New York,36117.0,1,0
5748,2020-03-20,Westchester,New York,36119.0,1091,0
5749,2020-03-20,Wyoming,New York,36121.0,2,0
6702,2020-03-21,Albany,New York,36001.0,88,0
6703,2020-03-21,Allegany,New York,36003.0,2,0
6704,2020-03-21,Broome,New York,36007.0,2,1
6705,2020-03-21,Chenango,New York,36017.0,2,0
6706,2020-03-21,Clinton,New York,36019.0,4,0
6707,2020-03-21,Columbia,New York,36021.0,2,0
6708,2020-03-21,Delaware,New York,36025.0,1,0
6709,2020-03-21,Dutchess,New York,36027.0,49,0
6710,2020-03-21,Erie,New York,36029.0,38,0
6711,2020-03-21,Essex,New York,36031.0,2,0
6712,2020-03-21,Fulton,New York,36035.0,1,0
6713,2020-03-21,Genesee,New York,36037.0,1,0
6714,2020-03-21,Greene,New York,36039.0,2,0
6715,2020-03-21,Hamilton,New York,36041.0,2,0
6716,2020-03-21,Herkimer,New York,36043.0,3,0
6717,2020-03-21,Jefferson,New York,36045.0,1,0
6718,2020-03-21,Livingston,New York,36051.0,2,0
6719,2020-03-21,Monroe,New York,36055.0,42,0
6720,2020-03-21,Montgomery,New York,36057.0,3,0
6721,2020-03-21,Nassau,New York,36059.0,1234,7
6722,2020-03-21,New York City,New York,,6211,60
6723,2020-03-21,Niagara,New York,36063.0,4,0
6724,2020-03-21,Oneida,New York,36065.0,4,0
6725,2020-03-21,Onondaga,New York,36067.0,17,0
6726,2020-03-21,Ontario,New York,36069.0,4,0
6727,2020-03-21,Orange,New York,36071.0,163,0
6728,2020-03-21,Putnam,New York,36079.0,22,0
6729,2020-03-21,Rensselaer,New York,36083.0,20,0
6730,2020-03-21,Rockland,New York,36087.0,262,3
6731,2020-03-21,Saratoga,New York,36091.0,35,0
6732,2020-03-21,Schenectady,New York,36093.0,32,0
6733,2020-03-21,Schoharie,New York,36095.0,1,0
6734,2020-03-21,Steuben,New York,36101.0,2,0
6735,2020-03-21,Suffolk,New York,36103.0,662,9
6736,2020-03-21,Sullivan,New York,36105.0,12,0
6737,2020-03-21,Tioga,New York,36107.0,1,0
6738,2020-03-21,Tompkins,New York,36109.0,11,0
6739,2020-03-21,Ulster,New York,36111.0,18,0
6740,2020-03-21,Warren,New York,36113.0,1,0
6741,2020-03-21,Washington,New York,36115.0,1,0
6742,2020-03-21,Wayne,New York,36117.0,3,0
6743,2020-03-21,Westchester,New York,36119.0,1387,0
6744,2020-03-21,Wyoming,New York,36121.0,2,0
7795,2020-03-22,Albany,New York,36001.0,123,0
7796,2020-03-22,Allegany,New York,36003.0,2,0
7797,2020-03-22,Broome,New York,36007.0,3,1
7798,2020-03-22,Chenango,New York,36017.0,3,0
7799,2020-03-22,Clinton,New York,36019.0,4,0
7800,2020-03-22,Columbia,New York,36021.0,5,0
7801,2020-03-22,Cortland,New York,36023.0,1,0
7802,2020-03-22,Delaware,New York,36025.0,3,0
7803,2020-03-22,Dutchess,New York,36027.0,82,0
7804,2020-03-22,Erie,New York,36029.0,54,0
7805,2020-03-22,Essex,New York,36031.0,3,0
7806,2020-03-22,Fulton,New York,36035.0,1,0
7807,2020-03-22,Genesee,New York,36037.0,1,0
7808,2020-03-22,Greene,New York,36039.0,2,0
7809,2020-03-22,Hamilton,New York,36041.0,2,0
7810,2020-03-22,Herkimer,New York,36043.0,4,0
7811,2020-03-22,Jefferson,New York,36045.0,1,0
7812,2020-03-22,Livingston,New York,36051.0,2,0
7813,2020-03-22,Madison,New York,36053.0,1,0
7814,2020-03-22,Monroe,New York,36055.0,57,0
7815,2020-03-22,Montgomery,New York,36057.0,3,0
7816,2020-03-22,Nassau,New York,36059.0,1900,7
7817,2020-03-22,New York City,New York,,9045,99
7818,2020-03-22,Niagara,New York,36063.0,6,0
7819,2020-03-22,Oneida,New York,36065.0,5,0
7820,2020-03-22,Onondaga,New York,36067.0,29,0
7821,2020-03-22,Ontario,New York,36069.0,6,0
7822,2020-03-22,Orange,New York,36071.0,247,0
7823,2020-03-22,Putnam,New York,36079.0,37,0
7824,2020-03-22,Rensselaer,New York,36083.0,26,0
7825,2020-03-22,Rockland,New York,36087.0,455,3
7826,2020-03-22,Saratoga,New York,36091.0,41,0
7827,2020-03-22,Schenectady,New York,36093.0,39,0
7828,2020-03-22,Schoharie,New York,36095.0,1,0
7829,2020-03-22,St. Lawrence,New York,36089.0,1,0
7830,2020-03-22,Steuben,New York,36101.0,3,0
7831,2020-03-22,Suffolk,New York,36103.0,1034,12
7832,2020-03-22,Sullivan,New York,36105.0,16,0
7833,2020-03-22,Tioga,New York,36107.0,1,0
7834,2020-03-22,Tompkins,New York,36109.0,13,0
7835,2020-03-22,Ulster,New York,36111.0,26,0
7836,2020-03-22,Warren,New York,36113.0,1,0
7837,2020-03-22,Washington,New York,36115.0,1,0
7838,2020-03-22,Wayne,New York,36117.0,3,0
7839,2020-03-22,Westchester,New York,36119.0,1873,0
7840,2020-03-22,Wyoming,New York,36121.0,2,0
8992,2020-03-23,Albany,New York,36001.0,127,0
8993,2020-03-23,Allegany,New York,36003.0,2,0
8994,2020-03-23,Broome,New York,36007.0,7,1
8995,2020-03-23,Cayuga,New York,36011.0,2,0
8996,2020-03-23,Chenango,New York,36017.0,3,0
8997,2020-03-23,Clinton,New York,36019.0,6,0
8998,2020-03-23,Columbia,New York,36021.0,10,0
8999,2020-03-23,Cortland,New York,36023.0,2,0
9000,2020-03-23,Delaware,New York,36025.0,3,0
9001,2020-03-23,Dutchess,New York,36027.0,100,0
9002,2020-03-23,Erie,New York,36029.0,87,0
9003,2020-03-23,Essex,New York,36031.0,3,0
9004,2020-03-23,Fulton,New York,36035.0,1,0
9005,2020-03-23,Genesee,New York,36037.0,1,0
9006,2020-03-23,Greene,New York,36039.0,4,0
9007,2020-03-23,Hamilton,New York,36041.0,2,0
9008,2020-03-23,Herkimer,New York,36043.0,4,0
9009,2020-03-23,Jefferson,New York,36045.0,2,0
9010,2020-03-23,Livingston,New York,36051.0,3,0
9011,2020-03-23,Madison,New York,36053.0,4,0
9012,2020-03-23,Monroe,New York,36055.0,76,0
9013,2020-03-23,Montgomery,New York,36057.0,3,0
9014,2020-03-23,Nassau,New York,36059.0,2442,9
9015,2020-03-23,New York City,New York,,12305,131
9016,2020-03-23,Niagara,New York,36063.0,10,0
9017,2020-03-23,Oneida,New York,36065.0,7,0
9018,2020-03-23,Onondaga,New York,36067.0,52,0
9019,2020-03-23,Ontario,New York,36069.0,6,0
9020,2020-03-23,Orange,New York,36071.0,389,0
9021,2020-03-23,Oswego,New York,36075.0,1,0
9022,2020-03-23,Otsego,New York,36077.0,1,0
9023,2020-03-23,Putnam,New York,36079.0,45,0
9024,2020-03-23,Rensselaer,New York,36083.0,29,0
9025,2020-03-23,Rockland,New York,36087.0,592,5
9026,2020-03-23,Saratoga,New York,36091.0,53,0
9027,2020-03-23,Schenectady,New York,36093.0,44,0
9028,2020-03-23,Schoharie,New York,36095.0,1,0
9029,2020-03-23,St. Lawrence,New York,36089.0,1,0
9030,2020-03-23,Steuben,New York,36101.0,4,0
9031,2020-03-23,Suffolk,New York,36103.0,1458,13
9032,2020-03-23,Sullivan,New York,36105.0,23,0
9033,2020-03-23,Tioga,New York,36107.0,1,0
9034,2020-03-23,Tompkins,New York,36109.0,15,0
9035,2020-03-23,Ulster,New York,36111.0,35,0
9036,2020-03-23,Warren,New York,36113.0,2,0
9037,2020-03-23,Washington,New York,36115.0,3,0
9038,2020-03-23,Wayne,New York,36117.0,6,0
9039,2020-03-23,Westchester,New York,36119.0,2894,0
9040,2020-03-23,Wyoming,New York,36121.0,4,0
10302,2020-03-24,Albany,New York,36001.0,146,0
10303,2020-03-24,Allegany,New York,36003.0,2,0
10304,2020-03-24,Broome,New York,36007.0,9,1
10305,2020-03-24,Cayuga,New York,36011.0,2,0
10306,2020-03-24,Chemung,New York,36015.0,1,0
10307,2020-03-24,Chenango,New York,36017.0,3,0
10308,2020-03-24,Clinton,New York,36019.0,8,0
10309,2020-03-24,Columbia,New York,36021.0,11,0
10310,2020-03-24,Cortland,New York,36023.0,2,0
10311,2020-03-24,Delaware,New York,36025.0,3,0
10312,2020-03-24,Dutchess,New York,36027.0,124,0
10313,2020-03-24,Erie,New York,36029.0,107,0
10314,2020-03-24,Essex,New York,36031.0,3,0
10315,2020-03-24,Fulton,New York,36035.0,1,0
10316,2020-03-24,Genesee,New York,36037.0,1,0
10317,2020-03-24,Greene,New York,36039.0,4,0
10318,2020-03-24,Hamilton,New York,36041.0,2,0
10319,2020-03-24,Herkimer,New York,36043.0,4,0
10320,2020-03-24,Jefferson,New York,36045.0,2,0
10321,2020-03-24,Livingston,New York,36051.0,3,0
10322,2020-03-24,Madison,New York,36053.0,5,0
10323,2020-03-24,Monroe,New York,36055.0,96,0
10324,2020-03-24,Montgomery,New York,36057.0,3,0
10325,2020-03-24,Nassau,New York,36059.0,2869,9
10326,2020-03-24,New York City,New York,,14905,192
10327,2020-03-24,Niagara,New York,36063.0,11,0
10328,2020-03-24,Oneida,New York,36065.0,8,0
10329,2020-03-24,Onondaga,New York,36067.0,60,0
10330,2020-03-24,Ontario,New York,36069.0,7,0
10331,2020-03-24,Orange,New York,36071.0,498,0
10332,2020-03-24,Orleans,New York,36073.0,2,0
10333,2020-03-24,Oswego,New York,36075.0,2,0
10334,2020-03-24,Otsego,New York,36077.0,1,0
10335,2020-03-24,Putnam,New York,36079.0,67,0
10336,2020-03-24,Rensselaer,New York,36083.0,30,0
10337,2020-03-24,Rockland,New York,36087.0,671,5
10338,2020-03-24,Saratoga,New York,36091.0,60,0
10339,2020-03-24,Schenectady,New York,36093.0,46,0
10340,2020-03-24,Schoharie,New York,36095.0,1,0
10341,2020-03-24,St. Lawrence,New York,36089.0,1,0
10342,2020-03-24,Steuben,New York,36101.0,5,0
10343,2020-03-24,Suffolk,New York,36103.0,1880,13
10344,2020-03-24,Sullivan,New York,36105.0,30,0
10345,2020-03-24,Tioga,New York,36107.0,1,0
10346,2020-03-24,Tompkins,New York,36109.0,16,0
10347,2020-03-24,Ulster,New York,36111.0,47,0
10348,2020-03-24,Warren,New York,36113.0,2,0
10349,2020-03-24,Washington,New York,36115.0,3,0
10350,2020-03-24,Wayne,New York,36117.0,6,0
10351,2020-03-24,Westchester,New York,36119.0,3891,6
10352,2020-03-24,Wyoming,New York,36121.0,4,0
11741,2020-03-25,Albany,New York,36001.0,152,0
11742,2020-03-25,Allegany,New York,36003.0,2,0
11743,2020-03-25,Broome,New York,36007.0,11,1
11744,2020-03-25,Cayuga,New York,36011.0,2,0
11745,2020-03-25,Chautauqua,New York,36013.0,1,0
11746,2020-03-25,Chemung,New York,36015.0,1,0
11747,2020-03-25,Chenango,New York,36017.0,3,0
11748,2020-03-25,Clinton,New York,36019.0,10,0
11749,2020-03-25,Columbia,New York,36021.0,12,0
11750,2020-03-25,Cortland,New York,36023.0,2,0
11751,2020-03-25,Delaware,New York,36025.0,5,0
11752,2020-03-25,Dutchess,New York,36027.0,153,0
11753,2020-03-25,Erie,New York,36029.0,122,0
11754,2020-03-25,Essex,New York,36031.0,4,0
11755,2020-03-25,Franklin,New York,36033.0,1,0
11756,2020-03-25,Fulton,New York,36035.0,1,0
11757,2020-03-25,Genesee,New York,36037.0,2,0
11758,2020-03-25,Greene,New York,36039.0,4,0
11759,2020-03-25,Hamilton,New York,36041.0,2,0
11760,2020-03-25,Herkimer,New York,36043.0,5,0
11761,2020-03-25,Jefferson,New York,36045.0,2,0
11762,2020-03-25,Livingston,New York,36051.0,3,0
11763,2020-03-25,Madison,New York,36053.0,7,0
11764,2020-03-25,Monroe,New York,36055.0,118,0
11765,2020-03-25,Montgomery,New York,36057.0,4,0
11766,2020-03-25,Nassau,New York,36059.0,3285,17
11767,2020-03-25,New York City,New York,,20011,280
11768,2020-03-25,Niagara,New York,36063.0,12,0
11769,2020-03-25,Oneida,New York,36065.0,9,0
11770,2020-03-25,Onondaga,New York,36067.0,65,0
11771,2020-03-25,Ontario,New York,36069.0,9,0
11772,2020-03-25,Orange,New York,36071.0,638,0
11773,2020-03-25,Orleans,New York,36073.0,2,0
11774,2020-03-25,Oswego,New York,36075.0,2,0
11775,2020-03-25,Otsego,New York,36077.0,2,0
11776,2020-03-25,Putnam,New York,36079.0,84,0
11777,2020-03-25,Rensselaer,New York,36083.0,31,0
11778,2020-03-25,Rockland,New York,36087.0,1069,7
11779,2020-03-25,Saratoga,New York,36091.0,64,0
11780,2020-03-25,Schenectady,New York,36093.0,55,0
11781,2020-03-25,Schoharie,New York,36095.0,2,0
11782,2020-03-25,St. Lawrence,New York,36089.0,1,0
11783,2020-03-25,Steuben,New York,36101.0,8,0
11784,2020-03-25,Suffolk,New York,36103.0,2260,20
11785,2020-03-25,Sullivan,New York,36105.0,39,0
11786,2020-03-25,Tioga,New York,36107.0,1,0
11787,2020-03-25,Tompkins,New York,36109.0,16,0
11788,2020-03-25,Ulster,New York,36111.0,65,0
11789,2020-03-25,Warren,New York,36113.0,2,0
11790,2020-03-25,Washington,New York,36115.0,4,0
11791,2020-03-25,Wayne,New York,36117.0,7,0
11792,2020-03-25,Westchester,New York,36119.0,4691,6
11793,2020-03-25,Wyoming,New York,36121.0,4,0
13354,2020-03-26,Albany,New York,36001.0,171,0
13355,2020-03-26,Allegany,New York,36003.0,2,0
13356,2020-03-26,Broome,New York,36007.0,16,2
13357,2020-03-26,Cayuga,New York,36011.0,2,0
13358,2020-03-26,Chautauqua,New York,36013.0,1,0
13359,2020-03-26,Chemung,New York,36015.0,7,0
13360,2020-03-26,Chenango,New York,36017.0,3,0
13361,2020-03-26,Clinton,New York,36019.0,11,0
13362,2020-03-26,Columbia,New York,36021.0,13,0
13363,2020-03-26,Cortland,New York,36023.0,2,0
13364,2020-03-26,Delaware,New York,36025.0,7,0
13365,2020-03-26,Dutchess,New York,36027.0,190,2
13366,2020-03-26,Erie,New York,36029.0,134,2
13367,2020-03-26,Essex,New York,36031.0,4,0
13368,2020-03-26,Franklin,New York,36033.0,1,0
13369,2020-03-26,Fulton,New York,36035.0,1,0
13370,2020-03-26,Genesee,New York,36037.0,4,0
13371,2020-03-26,Greene,New York,36039.0,5,0
13372,2020-03-26,Hamilton,New York,36041.0,2,0
13373,2020-03-26,Herkimer,New York,36043.0,7,0
13374,2020-03-26,Jefferson,New York,36045.0,3,0
13375,2020-03-26,Livingston,New York,36051.0,3,0
13376,2020-03-26,Madison,New York,36053.0,9,0
13377,2020-03-26,Monroe,New York,36055.0,139,3
13378,2020-03-26,Montgomery,New York,36057.0,5,0
13379,2020-03-26,Nassau,New York,36059.0,3914,19
13380,2020-03-26,New York City,New York,,23112,365
13381,2020-03-26,Niagara,New York,36063.0,14,0
13382,2020-03-26,Oneida,New York,36065.0,13,0
13383,2020-03-26,Onondaga,New York,36067.0,83,0
13384,2020-03-26,Ontario,New York,36069.0,11,0
13385,2020-03-26,Orange,New York,36071.0,751,2
13386,2020-03-26,Orleans,New York,36073.0,2,0
13387,2020-03-26,Oswego,New York,36075.0,4,0
13388,2020-03-26,Otsego,New York,36077.0,3,0
13389,2020-03-26,Putnam,New York,36079.0,94,0
13390,2020-03-26,Rensselaer,New York,36083.0,32,0
13391,2020-03-26,Rockland,New York,36087.0,1197,7
13392,2020-03-26,Saratoga,New York,36091.0,73,0
13393,2020-03-26,Schenectady,New York,36093.0,62,0
13394,2020-03-26,Schoharie,New York,36095.0,2,0
13395,2020-03-26,St. Lawrence,New York,36089.0,2,0
13396,2020-03-26,Steuben,New York,36101.0,11,0
13397,2020-03-26,Suffolk,New York,36103.0,2735,22
13398,2020-03-26,Sullivan,New York,36105.0,53,0
13399,2020-03-26,Tioga,New York,36107.0,2,0
13400,2020-03-26,Tompkins,New York,36109.0,22,0
13401,2020-03-26,Ulster,New York,36111.0,89,0
13402,2020-03-26,Warren,New York,36113.0,2,0
13403,2020-03-26,Washington,New York,36115.0,4,0
13404,2020-03-26,Wayne,New York,36117.0,8,0
13405,2020-03-26,Westchester,New York,36119.0,5944,8
13406,2020-03-26,Wyoming,New York,36121.0,7,0
15098,2020-03-27,Albany,New York,36001.0,187,0
15099,2020-03-27,Allegany,New York,36003.0,2,0
15100,2020-03-27,Broome,New York,36007.0,18,3
15101,2020-03-27,Cayuga,New York,36011.0,2,0
15102,2020-03-27,Chautauqua,New York,36013.0,1,0
15103,2020-03-27,Chemung,New York,36015.0,11,0
15104,2020-03-27,Chenango,New York,36017.0,4,0
15105,2020-03-27,Clinton,New York,36019.0,11,0
15106,2020-03-27,Columbia,New York,36021.0,20,0
15107,2020-03-27,Cortland,New York,36023.0,4,0
15108,2020-03-27,Delaware,New York,36025.0,8,0
15109,2020-03-27,Dutchess,New York,36027.0,225,2
15110,2020-03-27,Erie,New York,36029.0,219,6
15111,2020-03-27,Essex,New York,36031.0,4,0
15112,2020-03-27,Franklin,New York,36033.0,2,0
15113,2020-03-27,Fulton,New York,36035.0,1,0
15114,2020-03-27,Genesee,New York,36037.0,6,0
15115,2020-03-27,Greene,New York,36039.0,6,0
15116,2020-03-27,Hamilton,New York,36041.0,2,0
15117,2020-03-27,Herkimer,New York,36043.0,9,0
15118,2020-03-27,Jefferson,New York,36045.0,3,0
15119,2020-03-27,Livingston,New York,36051.0,3,0
15120,2020-03-27,Madison,New York,36053.0,17,0
15121,2020-03-27,Monroe,New York,36055.0,160,4
15122,2020-03-27,Montgomery,New York,36057.0,5,0
15123,2020-03-27,Nassau,New York,36059.0,4657,27
15124,2020-03-27,New York City,New York,,25399,450
15125,2020-03-27,Niagara,New York,36063.0,23,0
15126,2020-03-27,Oneida,New York,36065.0,13,0
15127,2020-03-27,Onondaga,New York,36067.0,115,0
15128,2020-03-27,Ontario,New York,36069.0,14,0
15129,2020-03-27,Orange,New York,36071.0,910,3
15130,2020-03-27,Orleans,New York,36073.0,3,0
15131,2020-03-27,Oswego,New York,36075.0,4,0
15132,2020-03-27,Otsego,New York,36077.0,5,0
15133,2020-03-27,Putnam,New York,36079.0,111,0
15134,2020-03-27,Rensselaer,New York,36083.0,35,0
15135,2020-03-27,Rockland,New York,36087.0,1457,8
15136,2020-03-27,Saratoga,New York,36091.0,82,0
15137,2020-03-27,Schenectady,New York,36093.0,66,0
15138,2020-03-27,Schoharie,New York,36095.0,3,0
15139,2020-03-27,St. Lawrence,New York,36089.0,3,0
15140,2020-03-27,Steuben,New York,36101.0,12,0
15141,2020-03-27,Suffolk,New York,36103.0,3385,22
15142,2020-03-27,Sullivan,New York,36105.0,64,0
15143,2020-03-27,Tioga,New York,36107.0,2,0
15144,2020-03-27,Tompkins,New York,36109.0,26,0
15145,2020-03-27,Ulster,New York,36111.0,98,0
15146,2020-03-27,Warren,New York,36113.0,8,0
15147,2020-03-27,Washington,New York,36115.0,6,0
15148,2020-03-27,Wayne,New York,36117.0,11,0
15149,2020-03-27,Westchester,New York,36119.0,7187,10
15150,2020-03-27,Wyoming,New York,36121.0,7,0
16937,2020-03-28,Albany,New York,36001.0,195,1
16938,2020-03-28,Allegany,New York,36003.0,2,0
16939,2020-03-28,Broome,New York,36007.0,23,3
16940,2020-03-28,Cattaraugus,New York,36009.0,1,0
16941,2020-03-28,Cayuga,New York,36011.0,2,0
16942,2020-03-28,Chautauqua,New York,36013.0,5,0
16943,2020-03-28,Chemung,New York,36015.0,12,0
16944,2020-03-28,Chenango,New York,36017.0,8,0
16945,2020-03-28,Clinton,New York,36019.0,12,0
16946,2020-03-28,Columbia,New York,36021.0,22,0
16947,2020-03-28,Cortland,New York,36023.0,5,0
16948,2020-03-28,Delaware,New York,36025.0,8,0
16949,2020-03-28,Dutchess,New York,36027.0,262,2
16950,2020-03-28,Erie,New York,36029.0,354,6
16951,2020-03-28,Essex,New York,36031.0,4,0
16952,2020-03-28,Franklin,New York,36033.0,4,0
16953,2020-03-28,Fulton,New York,36035.0,1,0
16954,2020-03-28,Genesee,New York,36037.0,7,0
16955,2020-03-28,Greene,New York,36039.0,7,0
16956,2020-03-28,Hamilton,New York,36041.0,2,0
16957,2020-03-28,Herkimer,New York,36043.0,9,0
16958,2020-03-28,Jefferson,New York,36045.0,6,0
16959,2020-03-28,Livingston,New York,36051.0,5,0
16960,2020-03-28,Madison,New York,36053.0,19,0
16961,2020-03-28,Monroe,New York,36055.0,202,5
16962,2020-03-28,Montgomery,New York,36057.0,5,0
16963,2020-03-28,Nassau,New York,36059.0,5537,35
16964,2020-03-28,New York City,New York,,30766,672
16965,2020-03-28,Niagara,New York,36063.0,33,0
16966,2020-03-28,Oneida,New York,36065.0,23,0
16967,2020-03-28,Onondaga,New York,36067.0,129,0
16968,2020-03-28,Ontario,New York,36069.0,16,0
16969,2020-03-28,Orange,New York,36071.0,1101,3
16970,2020-03-28,Orleans,New York,36073.0,3,0
16971,2020-03-28,Oswego,New York,36075.0,7,0
16972,2020-03-28,Otsego,New York,36077.0,7,0
16973,2020-03-28,Putnam,New York,36079.0,131,0
16974,2020-03-28,Rensselaer,New York,36083.0,38,0
16975,2020-03-28,Rockland,New York,36087.0,1896,8
16976,2020-03-28,Saratoga,New York,36091.0,96,0
16977,2020-03-28,Schenectady,New York,36093.0,72,0
16978,2020-03-28,Schoharie,New York,36095.0,5,0
16979,2020-03-28,Schuyler,New York,36097.0,1,0
16980,2020-03-28,St. Lawrence,New York,36089.0,8,0
16981,2020-03-28,Steuben,New York,36101.0,13,0
16982,2020-03-28,Suffolk,New York,36103.0,4138,37
16983,2020-03-28,Sullivan,New York,36105.0,72,0
16984,2020-03-28,Tioga,New York,36107.0,4,0
16985,2020-03-28,Tompkins,New York,36109.0,45,0
16986,2020-03-28,Ulster,New York,36111.0,128,0
16987,2020-03-28,Warren,New York,36113.0,13,0
16988,2020-03-28,Washington,New York,36115.0,6,0
16989,2020-03-28,Wayne,New York,36117.0,12,0
16990,2020-03-28,Westchester,New York,36119.0,7875,10
16991,2020-03-28,Wyoming,New York,36121.0,7,0
18874,2020-03-29,Albany,New York,36001.0,205,1
18875,2020-03-29,Allegany,New York,36003.0,6,0
18876,2020-03-29,Broome,New York,36007.0,29,3
18877,2020-03-29,Cattaraugus,New York,36009.0,4,0
18878,2020-03-29,Cayuga,New York,36011.0,2,0
18879,2020-03-29,Chautauqua,New York,36013.0,5,0
18880,2020-03-29,Chemung,New York,36015.0,15,0
18881,2020-03-29,Chenango,New York,36017.0,15,0
18882,2020-03-29,Clinton,New York,36019.0,13,0
18883,2020-03-29,Columbia,New York,36021.0,23,1
18884,2020-03-29,Cortland,New York,36023.0,6,0
18885,2020-03-29,Delaware,New York,36025.0,8,0
18886,2020-03-29,Dutchess,New York,36027.0,320,2
18887,2020-03-29,Erie,New York,36029.0,380,6
18888,2020-03-29,Essex,New York,36031.0,4,0
18889,2020-03-29,Franklin,New York,36033.0,6,0
18890,2020-03-29,Fulton,New York,36035.0,1,0
18891,2020-03-29,Genesee,New York,36037.0,9,0
18892,2020-03-29,Greene,New York,36039.0,7,0
18893,2020-03-29,Hamilton,New York,36041.0,2,0
18894,2020-03-29,Herkimer,New York,36043.0,10,0
18895,2020-03-29,Jefferson,New York,36045.0,7,0
18896,2020-03-29,Lewis,New York,36049.0,2,0
18897,2020-03-29,Livingston,New York,36051.0,10,0
18898,2020-03-29,Madison,New York,36053.0,24,0
18899,2020-03-29,Monroe,New York,36055.0,219,6
18900,2020-03-29,Montgomery,New York,36057.0,6,0
18901,2020-03-29,Nassau,New York,36059.0,6445,39
18902,2020-03-29,New York City,New York,,33768,776
18903,2020-03-29,Niagara,New York,36063.0,38,0
18904,2020-03-29,Oneida,New York,36065.0,26,0
18905,2020-03-29,Onondaga,New York,36067.0,152,0
18906,2020-03-29,Ontario,New York,36069.0,18,0
18907,2020-03-29,Orange,New York,36071.0,1247,3
18908,2020-03-29,Orleans,New York,36073.0,3,0
18909,2020-03-29,Oswego,New York,36075.0,8,0
18910,2020-03-29,Otsego,New York,36077.0,10,0
18911,2020-03-29,Putnam,New York,36079.0,144,0
18912,2020-03-29,Rensselaer,New York,36083.0,39,0
18913,2020-03-29,Rockland,New York,36087.0,2209,8
18914,2020-03-29,Saratoga,New York,36091.0,102,1
18915,2020-03-29,Schenectady,New York,36093.0,76,0
18916,2020-03-29,Schoharie,New York,36095.0,5,0
18917,2020-03-29,Schuyler,New York,36097.0,1,0
18918,2020-03-29,St. Lawrence,New York,36089.0,12,0
18919,2020-03-29,Steuben,New York,36101.0,17,0
18920,2020-03-29,Suffolk,New York,36103.0,5023,40
18921,2020-03-29,Sullivan,New York,36105.0,88,0
18922,2020-03-29,Tioga,New York,36107.0,4,0
18923,2020-03-29,Tompkins,New York,36109.0,52,0
18924,2020-03-29,Ulster,New York,36111.0,179,1
18925,2020-03-29,Warren,New York,36113.0,18,0
18926,2020-03-29,Washington,New York,36115.0,7,0
18927,2020-03-29,Wayne,New York,36117.0,12,0
18928,2020-03-29,Westchester,New York,36119.0,8519,10
18929,2020-03-29,Wyoming,New York,36121.0,8,0
20924,2020-03-30,Albany,New York,36001.0,217,1
20925,2020-03-30,Allegany,New York,36003.0,7,0
20926,2020-03-30,Broome,New York,36007.0,35,3
20927,2020-03-30,Cattaraugus,New York,36009.0,6,0
20928,2020-03-30,Cayuga,New York,36011.0,3,0
20929,2020-03-30,Chautauqua,New York,36013.0,5,0
20930,2020-03-30,Chemung,New York,36015.0,15,0
20931,2020-03-30,Chenango,New York,36017.0,17,0
20932,2020-03-30,Clinton,New York,36019.0,17,0
20933,2020-03-30,Columbia,New York,36021.0,26,1
20934,2020-03-30,Cortland,New York,36023.0,8,0
20935,2020-03-30,Delaware,New York,36025.0,11,0
20936,2020-03-30,Dutchess,New York,36027.0,392,3
20937,2020-03-30,Erie,New York,36029.0,443,8
20938,2020-03-30,Essex,New York,36031.0,5,0
20939,2020-03-30,Franklin,New York,36033.0,6,0
20940,2020-03-30,Fulton,New York,36035.0,1,0
20941,2020-03-30,Genesee,New York,36037.0,9,0
20942,2020-03-30,Greene,New York,36039.0,10,0
20943,2020-03-30,Hamilton,New York,36041.0,2,0
20944,2020-03-30,Herkimer,New York,36043.0,12,2
20945,2020-03-30,Jefferson,New York,36045.0,11,0
20946,2020-03-30,Lewis,New York,36049.0,2,0
20947,2020-03-30,Livingston,New York,36051.0,12,0
20948,2020-03-30,Madison,New York,36053.0,34,0
20949,2020-03-30,Monroe,New York,36055.0,242,6
20950,2020-03-30,Montgomery,New York,36057.0,6,0
20951,2020-03-30,Nassau,New York,36059.0,7344,48
20952,2020-03-30,New York City,New York,,38087,914
20953,2020-03-30,Niagara,New York,36063.0,41,0
20954,2020-03-30,Oneida,New York,36065.0,34,0
20955,2020-03-30,Onondaga,New York,36067.0,180,0
20956,2020-03-30,Ontario,New York,36069.0,20,0
20957,2020-03-30,Orange,New York,36071.0,1435,3
20958,2020-03-30,Orleans,New York,36073.0,4,0
20959,2020-03-30,Oswego,New York,36075.0,14,0
20960,2020-03-30,Otsego,New York,36077.0,17,0
20961,2020-03-30,Putnam,New York,36079.0,167,0
20962,2020-03-30,Rensselaer,New York,36083.0,40,0
20963,2020-03-30,Rockland,New York,36087.0,2511,8
20964,2020-03-30,Saratoga,New York,36091.0,105,1
20965,2020-03-30,Schenectady,New York,36093.0,80,0
20966,2020-03-30,Schoharie,New York,36095.0,6,0
20967,2020-03-30,Schuyler,New York,36097.0,2,0
20968,2020-03-30,St. Lawrence,New York,36089.0,13,0
20969,2020-03-30,Steuben,New York,36101.0,19,0
20970,2020-03-30,Suffolk,New York,36103.0,5791,44
20971,2020-03-30,Sullivan,New York,36105.0,101,0
20972,2020-03-30,Tioga,New York,36107.0,4,0
20973,2020-03-30,Tompkins,New York,36109.0,66,0
20974,2020-03-30,Ulster,New York,36111.0,207,1
20975,2020-03-30,Warren,New York,36113.0,18,0
20976,2020-03-30,Washington,New York,36115.0,7,0
20977,2020-03-30,Wayne,New York,36117.0,15,0
20978,2020-03-30,Westchester,New York,36119.0,9326,19
20979,2020-03-30,Wyoming,New York,36121.0,8,0
23065,2020-03-31,Albany,New York,36001.0,226,1
23066,2020-03-31,Allegany,New York,36003.0,7,0
23067,2020-03-31,Broome,New York,36007.0,38,3
23068,2020-03-31,Cattaraugus,New York,36009.0,6,0
23069,2020-03-31,Cayuga,New York,36011.0,3,0
23070,2020-03-31,Chautauqua,New York,36013.0,6,0
23071,2020-03-31,Chemung,New York,36015.0,20,0
23072,2020-03-31,Chenango,New York,36017.0,19,0
23073,2020-03-31,Clinton,New York,36019.0,21,0
23074,2020-03-31,Columbia,New York,36021.0,36,1
23075,2020-03-31,Cortland,New York,36023.0,8,0
23076,2020-03-31,Delaware,New York,36025.0,16,0
23077,2020-03-31,Dutchess,New York,36027.0,484,4
23078,2020-03-31,Erie,New York,36029.0,438,8
23079,2020-03-31,Essex,New York,36031.0,5,0
23080,2020-03-31,Franklin,New York,36033.0,9,0
23081,2020-03-31,Fulton,New York,36035.0,1,0
23082,2020-03-31,Genesee,New York,36037.0,10,0
23083,2020-03-31,Greene,New York,36039.0,16,0
23084,2020-03-31,Hamilton,New York,36041.0,2,0
23085,2020-03-31,Herkimer,New York,36043.0,12,2
23086,2020-03-31,Jefferson,New York,36045.0,12,0
23087,2020-03-31,Lewis,New York,36049.0,2,0
23088,2020-03-31,Livingston,New York,36051.0,13,0
23089,2020-03-31,Madison,New York,36053.0,41,0
23090,2020-03-31,Monroe,New York,36055.0,300,9
23091,2020-03-31,Montgomery,New York,36057.0,7,0
23092,2020-03-31,Nassau,New York,36059.0,8544,63
23093,2020-03-31,New York City,New York,,43139,1096
23094,2020-03-31,Niagara,New York,36063.0,42,0
23095,2020-03-31,Oneida,New York,36065.0,40,0
23096,2020-03-31,Onondaga,New York,36067.0,194,0
23097,2020-03-31,Ontario,New York,36069.0,22,0
23098,2020-03-31,Orange,New York,36071.0,1560,3
23099,2020-03-31,Orleans,New York,36073.0,6,0
23100,2020-03-31,Oswego,New York,36075.0,15,0
23101,2020-03-31,Otsego,New York,36077.0,18,0
23102,2020-03-31,Putnam,New York,36079.0,186,0
23103,2020-03-31,Rensselaer,New York,36083.0,55,0
23104,2020-03-31,Rockland,New York,36087.0,2863,8
23105,2020-03-31,Saratoga,New York,36091.0,108,1
23106,2020-03-31,Schenectady,New York,36093.0,85,0
23107,2020-03-31,Schoharie,New York,36095.0,6,0
23108,2020-03-31,Schuyler,New York,36097.0,2,0
23109,2020-03-31,Seneca,New York,36099.0,2,0
23110,2020-03-31,St. Lawrence,New York,36089.0,30,0
23111,2020-03-31,Steuben,New York,36101.0,24,0
23112,2020-03-31,Suffolk,New York,36103.0,6713,53
23113,2020-03-31,Sullivan,New York,36105.0,109,1
23114,2020-03-31,Tioga,New York,36107.0,7,0
23115,2020-03-31,Tompkins,New York,36109.0,66,0
23116,2020-03-31,Ulster,New York,36111.0,215,3
23117,2020-03-31,Warren,New York,36113.0,18,0
23118,2020-03-31,Washington,New York,36115.0,10,0
23119,2020-03-31,Wayne,New York,36117.0,19,0
23120,2020-03-31,Westchester,New York,36119.0,9967,25
23121,2020-03-31,Wyoming,New York,36121.0,9,1
25269,2020-04-01,Albany,New York,36001.0,240,2
25270,2020-04-01,Allegany,New York,36003.0,10,1
25271,2020-04-01,Broome,New York,36007.0,42,4
25272,2020-04-01,Cattaraugus,New York,36009.0,7,0
25273,2020-04-01,Cayuga,New York,36011.0,3,0
25274,2020-04-01,Chautauqua,New York,36013.0,10,1
25275,2020-04-01,Chemung,New York,36015.0,22,0
25276,2020-04-01,Chenango,New York,36017.0,26,0
25277,2020-04-01,Clinton,New York,36019.0,25,0
25278,2020-04-01,Columbia,New York,36021.0,41,1
25279,2020-04-01,Cortland,New York,36023.0,10,0
25280,2020-04-01,Delaware,New York,36025.0,20,0
25281,2020-04-01,Dutchess,New York,36027.0,547,5
25282,2020-04-01,Erie,New York,36029.0,553,12
25283,2020-04-01,Essex,New York,36031.0,6,0
25284,2020-04-01,Franklin,New York,36033.0,9,0
25285,2020-04-01,Fulton,New York,36035.0,2,0
25286,2020-04-01,Genesee,New York,36037.0,13,1
25287,2020-04-01,Greene,New York,36039.0,18,0
25288,2020-04-01,Hamilton,New York,36041.0,2,0
25289,2020-04-01,Herkimer,New York,36043.0,16,2
25290,2020-04-01,Jefferson,New York,36045.0,12,0
25291,2020-04-01,Lewis,New York,36049.0,2,0
25292,2020-04-01,Livingston,New York,36051.0,14,0
25293,2020-04-01,Madison,New York,36053.0,67,2
25294,2020-04-01,Monroe,New York,36055.0,349,9
25295,2020-04-01,Montgomery,New York,36057.0,7,0
25296,2020-04-01,Nassau,New York,36059.0,9555,76
25297,2020-04-01,New York City,New York,,47440,1374
25298,2020-04-01,Niagara,New York,36063.0,46,0
25299,2020-04-01,Oneida,New York,36065.0,50,1
25300,2020-04-01,Onondaga,New York,36067.0,249,1
25301,2020-04-01,Ontario,New York,36069.0,24,0
25302,2020-04-01,Orange,New York,36071.0,1756,25
25303,2020-04-01,Orleans,New York,36073.0,6,0
25304,2020-04-01,Oswego,New York,36075.0,17,2
25305,2020-04-01,Otsego,New York,36077.0,19,1
25306,2020-04-01,Putnam,New York,36079.0,207,0
25307,2020-04-01,Rensselaer,New York,36083.0,60,0
25308,2020-04-01,Rockland,New York,36087.0,3321,29
25309,2020-04-01,Saratoga,New York,36091.0,122,1
25310,2020-04-01,Schenectady,New York,36093.0,93,0
25311,2020-04-01,Schoharie,New York,36095.0,8,0
25312,2020-04-01,Schuyler,New York,36097.0,2,0
25313,2020-04-01,Seneca,New York,36099.0,2,0
25314,2020-04-01,St. Lawrence,New York,36089.0,34,0
25315,2020-04-01,Steuben,New York,36101.0,38,0
25316,2020-04-01,Suffolk,New York,36103.0,7605,69
25317,2020-04-01,Sullivan,New York,36105.0,121,4
25318,2020-04-01,Tioga,New York,36107.0,7,0
25319,2020-04-01,Tompkins,New York,36109.0,68,0
25320,2020-04-01,Ulster,New York,36111.0,222,3
25321,2020-04-01,Warren,New York,36113.0,18,0
25322,2020-04-01,Washington,New York,36115.0,10,0
25323,2020-04-01,Wayne,New York,36117.0,24,0
25324,2020-04-01,Westchester,New York,36119.0,10683,25
25325,2020-04-01,Wyoming,New York,36121.0,10,1
27530,2020-04-02,Albany,New York,36001.0,253,2
27531,2020-04-02,Allegany,New York,36003.0,12,1
27532,2020-04-02,Broome,New York,36007.0,46,4
27533,2020-04-02,Cattaraugus,New York,36009.0,8,0
27534,2020-04-02,Cayuga,New York,36011.0,6,0
27535,2020-04-02,Chautauqua,New York,36013.0,10,1
27536,2020-04-02,Chemung,New York,36015.0,22,0
27537,2020-04-02,Chenango,New York,36017.0,28,0
27538,2020-04-02,Clinton,New York,36019.0,25,0
27539,2020-04-02,Columbia,New York,36021.0,41,2
27540,2020-04-02,Cortland,New York,36023.0,10,0
27541,2020-04-02,Delaware,New York,36025.0,23,1
27542,2020-04-02,Dutchess,New York,36027.0,667,9
27543,2020-04-02,Erie,New York,36029.0,734,19
27544,2020-04-02,Essex,New York,36031.0,6,0
27545,2020-04-02,Franklin,New York,36033.0,9,0
27546,2020-04-02,Fulton,New York,36035.0,6,0
27547,2020-04-02,Genesee,New York,36037.0,17,1
27548,2020-04-02,Greene,New York,36039.0,21,0
27549,2020-04-02,Hamilton,New York,36041.0,2,0
27550,2020-04-02,Herkimer,New York,36043.0,16,2
27551,2020-04-02,Jefferson,New York,36045.0,15,0
27552,2020-04-02,Lewis,New York,36049.0,3,0
27553,2020-04-02,Livingston,New York,36051.0,18,1
27554,2020-04-02,Madison,New York,36053.0,77,2
27555,2020-04-02,Monroe,New York,36055.0,420,10
27556,2020-04-02,Montgomery,New York,36057.0,8,0
27557,2020-04-02,Nassau,New York,36059.0,10587,95
27558,2020-04-02,New York City,New York,,51810,1562
27559,2020-04-02,Niagara,New York,36063.0,91,0
27560,2020-04-02,Oneida,New York,36065.0,68,1
27561,2020-04-02,Onondaga,New York,36067.0,301,2
27562,2020-04-02,Ontario,New York,36069.0,31,0
27563,2020-04-02,Orange,New York,36071.0,2048,30
27564,2020-04-02,Orleans,New York,36073.0,6,0
27565,2020-04-02,Oswego,New York,36075.0,28,2
27566,2020-04-02,Otsego,New York,36077.0,21,1
27567,2020-04-02,Putnam,New York,36079.0,236,0
27568,2020-04-02,Rensselaer,New York,36083.0,67,1
27569,2020-04-02,Rockland,New York,36087.0,3751,42
27570,2020-04-02,Saratoga,New York,36091.0,132,1
27571,2020-04-02,Schenectady,New York,36093.0,101,5
27572,2020-04-02,Schoharie,New York,36095.0,8,0
27573,2020-04-02,Schuyler,New York,36097.0,3,0
27574,2020-04-02,Seneca,New York,36099.0,5,0
27575,2020-04-02,St. Lawrence,New York,36089.0,42,0
27576,2020-04-02,Steuben,New York,36101.0,49,1
27577,2020-04-02,Suffolk,New York,36103.0,8746,84
27578,2020-04-02,Sullivan,New York,36105.0,156,5
27579,2020-04-02,Tioga,New York,36107.0,8,0
27580,2020-04-02,Tompkins,New York,36109.0,87,0
27581,2020-04-02,Ulster,New York,36111.0,243,3
27582,2020-04-02,Warren,New York,36113.0,19,0
27583,2020-04-02,Washington,New York,36115.0,13,0
27584,2020-04-02,Wayne,New York,36117.0,27,0
27585,2020-04-02,Westchester,New York,36119.0,11566,67
27586,2020-04-02,Wyoming,New York,36121.0,15,1
27587,2020-04-02,Yates,New York,36123.0,2,0
29852,2020-04-03,Albany,New York,36001.0,267,4
29853,2020-04-03,Allegany,New York,36003.0,12,1
29854,2020-04-03,Broome,New York,36007.0,46,4
29855,2020-04-03,Cattaraugus,New York,36009.0,8,0
29856,2020-04-03,Cayuga,New York,36011.0,6,0
29857,2020-04-03,Chautauqua,New York,36013.0,10,1
29858,2020-04-03,Chemung,New York,36015.0,22,0
29859,2020-04-03,Chenango,New York,36017.0,28,0
29860,2020-04-03,Clinton,New York,36019.0,25,0
29861,2020-04-03,Columbia,New York,36021.0,41,2
29862,2020-04-03,Cortland,New York,36023.0,10,0
29863,2020-04-03,Delaware,New York,36025.0,23,1
29864,2020-04-03,Dutchess,New York,36027.0,809,9
29865,2020-04-03,Erie,New York,36029.0,802,22
29866,2020-04-03,Essex,New York,36031.0,6,0
29867,2020-04-03,Franklin,New York,36033.0,9,0
29868,2020-04-03,Fulton,New York,36035.0,6,0
29869,2020-04-03,Genesee,New York,36037.0,17,1
29870,2020-04-03,Greene,New York,36039.0,21,0
29871,2020-04-03,Hamilton,New York,36041.0,2,0
29872,2020-04-03,Herkimer,New York,36043.0,16,2
29873,2020-04-03,Jefferson,New York,36045.0,15,0
29874,2020-04-03,Lewis,New York,36049.0,3,0
29875,2020-04-03,Livingston,New York,36051.0,18,1
29876,2020-04-03,Madison,New York,36053.0,77,2
29877,2020-04-03,Monroe,New York,36055.0,464,14
29878,2020-04-03,Montgomery,New York,36057.0,8,0
29879,2020-04-03,Nassau,New York,36059.0,12024,138
29880,2020-04-03,New York City,New York,,57160,1867
29881,2020-04-03,Niagara,New York,36063.0,91,0
29882,2020-04-03,Oneida,New York,36065.0,68,1
29883,2020-04-03,Onondaga,New York,36067.0,301,2
29884,2020-04-03,Ontario,New York,36069.0,31,0
29885,2020-04-03,Orange,New York,36071.0,2397,30
29886,2020-04-03,Orleans,New York,36073.0,6,0
29887,2020-04-03,Oswego,New York,36075.0,28,2
29888,2020-04-03,Otsego,New York,36077.0,21,1
29889,2020-04-03,Putnam,New York,36079.0,236,0
29890,2020-04-03,Rensselaer,New York,36083.0,71,1
29891,2020-04-03,Rockland,New York,36087.0,4289,42
29892,2020-04-03,Saratoga,New York,36091.0,132,1
29893,2020-04-03,Schenectady,New York,36093.0,101,5
29894,2020-04-03,Schoharie,New York,36095.0,8,0
29895,2020-04-03,Schuyler,New York,36097.0,3,0
29896,2020-04-03,Seneca,New York,36099.0,5,0
29897,2020-04-03,St. Lawrence,New York,36089.0,42,0
29898,2020-04-03,Steuben,New York,36101.0,49,1
29899,2020-04-03,Suffolk,New York,36103.0,10154,96
29900,2020-04-03,Sullivan,New York,36105.0,156,5
29901,2020-04-03,Tioga,New York,36107.0,8,0
29902,2020-04-03,Tompkins,New York,36109.0,87,0
29903,2020-04-03,Ulster,New York,36111.0,243,3
29904,2020-04-03,Unknown,New York,,37,608
29905,2020-04-03,Warren,New York,36113.0,19,0
29906,2020-04-03,Washington,New York,36115.0,13,0
29907,2020-04-03,Wayne,New York,36117.0,27,0
29908,2020-04-03,Westchester,New York,36119.0,12350,67
29909,2020-04-03,Wyoming,New York,36121.0,15,1
29910,2020-04-03,Yates,New York,36123.0,2,0
32240,2020-04-04,Albany,New York,36001.0,293,6
32241,2020-04-04,Allegany,New York,36003.0,16,1
32242,2020-04-04,Broome,New York,36007.0,65,4
32243,2020-04-04,Cattaraugus,New York,36009.0,8,0
32244,2020-04-04,Cayuga,New York,36011.0,8,0
32245,2020-04-04,Chautauqua,New York,36013.0,12,0
32246,2020-04-04,Chemung,New York,36015.0,36,0
32247,2020-04-04,Chenango,New York,36017.0,39,0
32248,2020-04-04,Clinton,New York,36019.0,31,0
32249,2020-04-04,Columbia,New York,36021.0,61,3
32250,2020-04-04,Cortland,New York,36023.0,14,0
32251,2020-04-04,Delaware,New York,36025.0,30,1
32252,2020-04-04,Dutchess,New York,36027.0,938,11
32253,2020-04-04,Erie,New York,36029.0,945,26
32254,2020-04-04,Essex,New York,36031.0,7,0
32255,2020-04-04,Franklin,New York,36033.0,10,0
32256,2020-04-04,Fulton,New York,36035.0,9,0
32257,2020-04-04,Genesee,New York,36037.0,21,1
32258,2020-04-04,Greene,New York,36039.0,27,0
32259,2020-04-04,Hamilton,New York,36041.0,2,0
32260,2020-04-04,Herkimer,New York,36043.0,22,3
32261,2020-04-04,Jefferson,New York,36045.0,20,0
32262,2020-04-04,Lewis,New York,36049.0,5,0
32263,2020-04-04,Livingston,New York,36051.0,18,1
32264,2020-04-04,Madison,New York,36053.0,77,2
32265,2020-04-04,Monroe,New York,36055.0,512,17
32266,2020-04-04,Montgomery,New York,36057.0,13,1
32267,2020-04-04,Nassau,New York,36059.0,13346,396
32268,2020-04-04,New York City,New York,,63307,2254
32269,2020-04-04,Niagara,New York,36063.0,103,0
32270,2020-04-04,Oneida,New York,36065.0,80,2
32271,2020-04-04,Onondaga,New York,36067.0,349,4
32272,2020-04-04,Ontario,New York,36069.0,35,0
32273,2020-04-04,Orange,New York,36071.0,2741,51
32274,2020-04-04,Orleans,New York,36073.0,10,0
32275,2020-04-04,Oswego,New York,36075.0,30,2
32276,2020-04-04,Otsego,New York,36077.0,26,2
32277,2020-04-04,Putnam,New York,36079.0,283,9
32278,2020-04-04,Rensselaer,New York,36083.0,73,1
32279,2020-04-04,Rockland,New York,36087.0,4872,69
32280,2020-04-04,Saratoga,New York,36091.0,141,1
32281,2020-04-04,Schenectady,New York,36093.0,117,6
32282,2020-04-04,Schoharie,New York,36095.0,11,0
32283,2020-04-04,Schuyler,New York,36097.0,4,0
32284,2020-04-04,Seneca,New York,36099.0,6,0
32285,2020-04-04,St. Lawrence,New York,36089.0,58,0
32286,2020-04-04,Steuben,New York,36101.0,64,1
32287,2020-04-04,Suffolk,New York,36103.0,12328,175
32288,2020-04-04,Sullivan,New York,36105.0,193,5
32289,2020-04-04,Tioga,New York,36107.0,8,0
32290,2020-04-04,Tompkins,New York,36109.0,87,0
32291,2020-04-04,Ulster,New York,36111.0,318,4
32292,2020-04-04,Unknown,New York,,0,309
32293,2020-04-04,Warren,New York,36113.0,20,1
32294,2020-04-04,Washington,New York,36115.0,17,1
32295,2020-04-04,Wayne,New York,36117.0,30,0
32296,2020-04-04,Westchester,New York,36119.0,13080,197
32297,2020-04-04,Wyoming,New York,36121.0,18,1
32298,2020-04-04,Yates,New York,36123.0,2,0
34673,2020-04-05,Albany,New York,36001.0,305,8
34674,2020-04-05,Allegany,New York,36003.0,16,1
34675,2020-04-05,Broome,New York,36007.0,71,4
34676,2020-04-05,Cattaraugus,New York,36009.0,10,0
34677,2020-04-05,Cayuga,New York,36011.0,8,0
34678,2020-04-05,Chautauqua,New York,36013.0,12,0
34679,2020-04-05,Chemung,New York,36015.0,38,0
34680,2020-04-05,Chenango,New York,36017.0,43,0
34681,2020-04-05,Clinton,New York,36019.0,33,0
34682,2020-04-05,Columbia,New York,36021.0,61,3
34683,2020-04-05,Cortland,New York,36023.0,14,0
34684,2020-04-05,Delaware,New York,36025.0,30,1
34685,2020-04-05,Dutchess,New York,36027.0,1077,11
34686,2020-04-05,Erie,New York,36029.0,1059,27
34687,2020-04-05,Essex,New York,36031.0,7,0
34688,2020-04-05,Franklin,New York,36033.0,10,0
34689,2020-04-05,Fulton,New York,36035.0,9,0
34690,2020-04-05,Genesee,New York,36037.0,22,1
34691,2020-04-05,Greene,New York,36039.0,27,0
34692,2020-04-05,Hamilton,New York,36041.0,2,0
34693,2020-04-05,Herkimer,New York,36043.0,22,3
34694,2020-04-05,Jefferson,New York,36045.0,26,0
34695,2020-04-05,Lewis,New York,36049.0,8,0
34696,2020-04-05,Livingston,New York,36051.0,19,1
34697,2020-04-05,Madison,New York,36053.0,89,2
34698,2020-04-05,Monroe,New York,36055.0,548,19
34699,2020-04-05,Montgomery,New York,36057.0,15,1
34700,2020-04-05,Nassau,New York,36059.0,14398,396
34701,2020-04-05,New York City,New York,,67552,2472
34702,2020-04-05,Niagara,New York,36063.0,116,0
34703,2020-04-05,Oneida,New York,36065.0,87,2
34704,2020-04-05,Onondaga,New York,36067.0,349,4
34705,2020-04-05,Ontario,New York,36069.0,35,0
34706,2020-04-05,Orange,New York,36071.0,3102,51
34707,2020-04-05,Orleans,New York,36073.0,11,0
34708,2020-04-05,Oswego,New York,36075.0,30,2
34709,2020-04-05,Otsego,New York,36077.0,29,2
34710,2020-04-05,Putnam,New York,36079.0,314,9
34711,2020-04-05,Rensselaer,New York,36083.0,74,1
34712,2020-04-05,Rockland,New York,36087.0,5362,69
34713,2020-04-05,Saratoga,New York,36091.0,148,1
34714,2020-04-05,Schenectady,New York,36093.0,128,7
34715,2020-04-05,Schoharie,New York,36095.0,11,0
34716,2020-04-05,Schuyler,New York,36097.0,4,0
34717,2020-04-05,Seneca,New York,36099.0,9,0
34718,2020-04-05,St. Lawrence,New York,36089.0,58,0
34719,2020-04-05,Steuben,New York,36101.0,64,1
34720,2020-04-05,Suffolk,New York,36103.0,12933,175
34721,2020-04-05,Sullivan,New York,36105.0,234,5
34722,2020-04-05,Tioga,New York,36107.0,8,0
34723,2020-04-05,Tompkins,New York,36109.0,95,0
34724,2020-04-05,Ulster,New York,36111.0,358,4
34725,2020-04-05,Unknown,New York,,0,678
34726,2020-04-05,Warren,New York,36113.0,25,1
34727,2020-04-05,Washington,New York,36115.0,18,1
34728,2020-04-05,Wayne,New York,36117.0,32,0
34729,2020-04-05,Westchester,New York,36119.0,13722,197
34730,2020-04-05,Wyoming,New York,36121.0,22,1
34731,2020-04-05,Yates,New York,36123.0,2,0
37146,2020-04-06,Albany,New York,36001.0,319,9
37147,2020-04-06,Allegany,New York,36003.0,17,1
37148,2020-04-06,Broome,New York,36007.0,76,5
37149,2020-04-06,Cattaraugus,New York,36009.0,15,0
37150,2020-04-06,Cayuga,New York,36011.0,11,1
37151,2020-04-06,Chautauqua,New York,36013.0,15,0
37152,2020-04-06,Chemung,New York,36015.0,47,0
37153,2020-04-06,Chenango,New York,36017.0,46,0
37154,2020-04-06,Clinton,New York,36019.0,36,0
37155,2020-04-06,Columbia,New York,36021.0,70,3
37156,2020-04-06,Cortland,New York,36023.0,15,0
37157,2020-04-06,Delaware,New York,36025.0,32,1
37158,2020-04-06,Dutchess,New York,36027.0,1189,12
37159,2020-04-06,Erie,New York,36029.0,1163,30
37160,2020-04-06,Essex,New York,36031.0,7,0
37161,2020-04-06,Franklin,New York,36033.0,10,0
37162,2020-04-06,Fulton,New York,36035.0,9,0
37163,2020-04-06,Genesee,New York,36037.0,23,1
37164,2020-04-06,Greene,New York,36039.0,27,0
37165,2020-04-06,Hamilton,New York,36041.0,2,0
37166,2020-04-06,Herkimer,New York,36043.0,25,3
37167,2020-04-06,Jefferson,New York,36045.0,33,0
37168,2020-04-06,Lewis,New York,36049.0,8,0
37169,2020-04-06,Livingston,New York,36051.0,26,1
37170,2020-04-06,Madison,New York,36053.0,92,2
37171,2020-04-06,Monroe,New York,36055.0,574,23
37172,2020-04-06,Montgomery,New York,36057.0,15,1
37173,2020-04-06,Nassau,New York,36059.0,15616,535
37174,2020-04-06,New York City,New York,,68776,3485
37175,2020-04-06,Niagara,New York,36063.0,130,0
37176,2020-04-06,Oneida,New York,36065.0,100,2
37177,2020-04-06,Onondaga,New York,36067.0,377,6
37178,2020-04-06,Ontario,New York,36069.0,39,0
37179,2020-04-06,Orange,New York,36071.0,3397,47
37180,2020-04-06,Orleans,New York,36073.0,13,0
37181,2020-04-06,Oswego,New York,36075.0,33,2
37182,2020-04-06,Otsego,New York,36077.0,34,2
37183,2020-04-06,Putnam,New York,36079.0,345,12
37184,2020-04-06,Rensselaer,New York,36083.0,78,1
37185,2020-04-06,Rockland,New York,36087.0,5703,76
37186,2020-04-06,Saratoga,New York,36091.0,153,1
37187,2020-04-06,Schenectady,New York,36093.0,138,7
37188,2020-04-06,Schoharie,New York,36095.0,11,0
37189,2020-04-06,Schuyler,New York,36097.0,4,0
37190,2020-04-06,Seneca,New York,36099.0,9,0
37191,2020-04-06,St. Lawrence,New York,36089.0,63,0
37192,2020-04-06,Steuben,New York,36101.0,73,4
37193,2020-04-06,Suffolk,New York,36103.0,14473,237
37194,2020-04-06,Sullivan,New York,36105.0,259,7
37195,2020-04-06,Tioga,New York,36107.0,9,0
37196,2020-04-06,Tompkins,New York,36109.0,98,0
37197,2020-04-06,Ulster,New York,36111.0,382,4
37198,2020-04-06,Unknown,New York,,2091,728
37199,2020-04-06,Warren,New York,36113.0,26,1
37200,2020-04-06,Washington,New York,36115.0,19,1
37201,2020-04-06,Wayne,New York,36117.0,34,0
37202,2020-04-06,Westchester,New York,36119.0,14293,253
37203,2020-04-06,Wyoming,New York,36121.0,23,1
37204,2020-04-06,Yates,New York,36123.0,2,0
39660,2020-04-07,Albany,New York,36001.0,333,9
39661,2020-04-07,Allegany,New York,36003.0,17,1
39662,2020-04-07,Broome,New York,36007.0,86,5
39663,2020-04-07,Cattaraugus,New York,36009.0,13,0
39664,2020-04-07,Cayuga,New York,36011.0,14,1
39665,2020-04-07,Chautauqua,New York,36013.0,16,0
39666,2020-04-07,Chemung,New York,36015.0,49,0
39667,2020-04-07,Chenango,New York,36017.0,51,0
39668,2020-04-07,Clinton,New York,36019.0,37,0
39669,2020-04-07,Columbia,New York,36021.0,72,3
39670,2020-04-07,Cortland,New York,36023.0,16,0
39671,2020-04-07,Delaware,New York,36025.0,36,1
39672,2020-04-07,Dutchess,New York,36027.0,1249,15
39673,2020-04-07,Erie,New York,36029.0,1163,36
39674,2020-04-07,Essex,New York,36031.0,7,0
39675,2020-04-07,Franklin,New York,36033.0,10,0
39676,2020-04-07,Fulton,New York,36035.0,13,0
39677,2020-04-07,Genesee,New York,36037.0,33,1
39678,2020-04-07,Greene,New York,36039.0,24,0
39679,2020-04-07,Hamilton,New York,36041.0,2,0
39680,2020-04-07,Herkimer,New York,36043.0,32,3
39681,2020-04-07,Jefferson,New York,36045.0,39,0
39682,2020-04-07,Lewis,New York,36049.0,8,0
39683,2020-04-07,Livingston,New York,36051.0,28,1
39684,2020-04-07,Madison,New York,36053.0,92,2
39685,2020-04-07,Monroe,New York,36055.0,596,31
39686,2020-04-07,Montgomery,New York,36057.0,18,1
39687,2020-04-07,Nassau,New York,36059.0,16610,620
39688,2020-04-07,New York City,New York,,76876,4009
39689,2020-04-07,Niagara,New York,36063.0,143,0
39690,2020-04-07,Oneida,New York,36065.0,118,2
39691,2020-04-07,Onondaga,New York,36067.0,377,7
39692,2020-04-07,Ontario,New York,36069.0,39,0
39693,2020-04-07,Orange,New York,36071.0,3599,76
39694,2020-04-07,Orleans,New York,36073.0,15,0
39695,2020-04-07,Oswego,New York,36075.0,34,2
39696,2020-04-07,Otsego,New York,36077.0,34,2
39697,2020-04-07,Putnam,New York,36079.0,366,13
39698,2020-04-07,Rensselaer,New York,36083.0,91,3
39699,2020-04-07,Rockland,New York,36087.0,5990,119
39700,2020-04-07,Saratoga,New York,36091.0,163,3
39701,2020-04-07,Schenectady,New York,36093.0,145,8
39702,2020-04-07,Schoharie,New York,36095.0,12,0
39703,2020-04-07,Schuyler,New York,36097.0,4,0
39704,2020-04-07,Seneca,New York,36099.0,10,0
39705,2020-04-07,St. Lawrence,New York,36089.0,63,0
39706,2020-04-07,Steuben,New York,36101.0,79,4
39707,2020-04-07,Suffolk,New York,36103.0,15561,266
39708,2020-04-07,Sullivan,New York,36105.0,270,7
39709,2020-04-07,Tioga,New York,36107.0,10,0
39710,2020-04-07,Tompkins,New York,36109.0,102,0
39711,2020-04-07,Ulster,New York,36111.0,402,5
39712,2020-04-07,Warren,New York,36113.0,31,1
39713,2020-04-07,Washington,New York,36115.0,19,1
39714,2020-04-07,Wayne,New York,36117.0,35,0
39715,2020-04-07,Westchester,New York,36119.0,14804,304
39716,2020-04-07,Wyoming,New York,36121.0,23,1
39717,2020-04-07,Yates,New York,36123.0,2,0
42213,2020-04-08,Albany,New York,36001.0,342,10
42214,2020-04-08,Allegany,New York,36003.0,21,0
42215,2020-04-08,Broome,New York,36007.0,88,6
42216,2020-04-08,Cattaraugus,New York,36009.0,15,0
42217,2020-04-08,Cayuga,New York,36011.0,15,1
42218,2020-04-08,Chautauqua,New York,36013.0,17,1
42219,2020-04-08,Chemung,New York,36015.0,55,1
42220,2020-04-08,Chenango,New York,36017.0,53,0
42221,2020-04-08,Clinton,New York,36019.0,39,0
42222,2020-04-08,Columbia,New York,36021.0,72,4
42223,2020-04-08,Cortland,New York,36023.0,16,0
42224,2020-04-08,Delaware,New York,36025.0,37,0
42225,2020-04-08,Dutchess,New York,36027.0,1395,16
42226,2020-04-08,Erie,New York,36029.0,1205,38
42227,2020-04-08,Essex,New York,36031.0,7,0
42228,2020-04-08,Franklin,New York,36033.0,10,0
42229,2020-04-08,Fulton,New York,36035.0,14,0
42230,2020-04-08,Genesee,New York,36037.0,47,0
42231,2020-04-08,Greene,New York,36039.0,25,0
42232,2020-04-08,Hamilton,New York,36041.0,2,0
42233,2020-04-08,Herkimer,New York,36043.0,32,1
42234,2020-04-08,Jefferson,New York,36045.0,40,0
42235,2020-04-08,Lewis,New York,36049.0,8,0
42236,2020-04-08,Livingston,New York,36051.0,28,0
42237,2020-04-08,Madison,New York,36053.0,92,1
42238,2020-04-08,Monroe,New York,36055.0,651,27
42239,2020-04-08,Montgomery,New York,36057.0,18,1
42240,2020-04-08,Nassau,New York,36059.0,18548,701
42241,2020-04-08,New York City,New York,,81803,4571
42242,2020-04-08,Niagara,New York,36063.0,143,0
42243,2020-04-08,Oneida,New York,36065.0,125,2
42244,2020-04-08,Onondaga,New York,36067.0,377,9
42245,2020-04-08,Ontario,New York,36069.0,39,0
42246,2020-04-08,Orange,New York,36071.0,3865,68
42247,2020-04-08,Orleans,New York,36073.0,16,0
42248,2020-04-08,Oswego,New York,36075.0,34,0
42249,2020-04-08,Otsego,New York,36077.0,38,2
42250,2020-04-08,Putnam,New York,36079.0,403,15
42251,2020-04-08,Rensselaer,New York,36083.0,91,1
42252,2020-04-08,Rockland,New York,36087.0,6413,98
42253,2020-04-08,Saratoga,New York,36091.0,167,1
42254,2020-04-08,Schenectady,New York,36093.0,149,9
42255,2020-04-08,Schoharie,New York,36095.0,12,0
42256,2020-04-08,Schuyler,New York,36097.0,4,0
42257,2020-04-08,Seneca,New York,36099.0,12,0
42258,2020-04-08,St. Lawrence,New York,36089.0,69,0
42259,2020-04-08,Steuben,New York,36101.0,82,3
42260,2020-04-08,Suffolk,New York,36103.0,15844,328
42261,2020-04-08,Sullivan,New York,36105.0,279,7
42262,2020-04-08,Tioga,New York,36107.0,12,0
42263,2020-04-08,Tompkins,New York,36109.0,102,0
42264,2020-04-08,Ulster,New York,36111.0,422,2
42265,2020-04-08,Warren,New York,36113.0,33,1
42266,2020-04-08,Washington,New York,36115.0,20,0
42267,2020-04-08,Wayne,New York,36117.0,39,0
42268,2020-04-08,Westchester,New York,36119.0,15887,343
42269,2020-04-08,Wyoming,New York,36121.0,27,0
42270,2020-04-08,Yates,New York,36123.0,2,0
44789,2020-04-09,Albany,New York,36001.0,379,12
44790,2020-04-09,Allegany,New York,36003.0,22,0
44791,2020-04-09,Broome,New York,36007.0,105,6
44792,2020-04-09,Cattaraugus,New York,36009.0,17,0
44793,2020-04-09,Cayuga,New York,36011.0,16,1
44794,2020-04-09,Chautauqua,New York,36013.0,18,1
44795,2020-04-09,Chemung,New York,36015.0,59,2
44796,2020-04-09,Chenango,New York,36017.0,55,0
44797,2020-04-09,Clinton,New York,36019.0,40,0
44798,2020-04-09,Columbia,New York,36021.0,70,4
44799,2020-04-09,Cortland,New York,36023.0,16,0
44800,2020-04-09,Delaware,New York,36025.0,37,0
44801,2020-04-09,Dutchess,New York,36027.0,1493,21
44802,2020-04-09,Erie,New York,36029.0,1362,46
44803,2020-04-09,Essex,New York,36031.0,8,0
44804,2020-04-09,Franklin,New York,36033.0,11,0
44805,2020-04-09,Fulton,New York,36035.0,15,0
44806,2020-04-09,Genesee,New York,36037.0,56,0
44807,2020-04-09,Greene,New York,36039.0,28,0
44808,2020-04-09,Hamilton,New York,36041.0,3,0
44809,2020-04-09,Herkimer,New York,36043.0,32,1
44810,2020-04-09,Jefferson,New York,36045.0,42,0
44811,2020-04-09,Lewis,New York,36049.0,6,0
44812,2020-04-09,Livingston,New York,36051.0,26,1
44813,2020-04-09,Madison,New York,36053.0,91,1
44814,2020-04-09,Monroe,New York,36055.0,698,31
44815,2020-04-09,Montgomery,New York,36057.0,28,1
44816,2020-04-09,Nassau,New York,36059.0,20140,778
44817,2020-04-09,New York City,New York,,87028,5150
44818,2020-04-09,Niagara,New York,36063.0,146,0
44819,2020-04-09,Oneida,New York,36065.0,158,2
44820,2020-04-09,Onondaga,New York,36067.0,358,10
44821,2020-04-09,Ontario,New York,36069.0,43,0
44822,2020-04-09,Orange,New York,36071.0,4090,79
44823,2020-04-09,Orleans,New York,36073.0,22,0
44824,2020-04-09,Oswego,New York,36075.0,36,0
44825,2020-04-09,Otsego,New York,36077.0,39,2
44826,2020-04-09,Putnam,New York,36079.0,438,16
44827,2020-04-09,Rensselaer,New York,36083.0,79,3
44828,2020-04-09,Rockland,New York,36087.0,6665,117
44829,2020-04-09,Saratoga,New York,36091.0,172,1
44830,2020-04-09,Schenectady,New York,36093.0,167,9
44831,2020-04-09,Schoharie,New York,36095.0,12,0
44832,2020-04-09,Schuyler,New York,36097.0,4,0
44833,2020-04-09,Seneca,New York,36099.0,15,0
44834,2020-04-09,St. Lawrence,New York,36089.0,76,1
44835,2020-04-09,Steuben,New York,36101.0,89,3
44836,2020-04-09,Suffolk,New York,36103.0,17413,369
44837,2020-04-09,Sullivan,New York,36105.0,294,7
44838,2020-04-09,Tioga,New York,36107.0,17,0
44839,2020-04-09,Tompkins,New York,36109.0,105,0
44840,2020-04-09,Ulster,New York,36111.0,460,2
44841,2020-04-09,Warren,New York,36113.0,40,1
44842,2020-04-09,Washington,New York,36115.0,25,0
44843,2020-04-09,Wayne,New York,36117.0,39,0
44844,2020-04-09,Westchester,New York,36119.0,17004,389
44845,2020-04-09,Wyoming,New York,36121.0,29,0
44846,2020-04-09,Yates,New York,36123.0,1,0
47403,2020-04-10,Albany,New York,36001.0,426,14
47404,2020-04-10,Allegany,New York,36003.0,26,0
47405,2020-04-10,Broome,New York,36007.0,112,6
47406,2020-04-10,Cattaraugus,New York,36009.0,18,0
47407,2020-04-10,Cayuga,New York,36011.0,27,1
47408,2020-04-10,Chautauqua,New York,36013.0,20,1
47409,2020-04-10,Chemung,New York,36015.0,59,2
47410,2020-04-10,Chenango,New York,36017.0,60,0
47411,2020-04-10,Clinton,New York,36019.0,43,0
47412,2020-04-10,Columbia,New York,36021.0,74,4
47413,2020-04-10,Cortland,New York,36023.0,17,0
47414,2020-04-10,Delaware,New York,36025.0,39,0
47415,2020-04-10,Dutchess,New York,36027.0,1598,25
47416,2020-04-10,Erie,New York,36029.0,1409,58
47417,2020-04-10,Essex,New York,36031.0,10,0
47418,2020-04-10,Franklin,New York,36033.0,11,0
47419,2020-04-10,Fulton,New York,36035.0,18,0
47420,2020-04-10,Genesee,New York,36037.0,65,0
47421,2020-04-10,Greene,New York,36039.0,34,0
47422,2020-04-10,Hamilton,New York,36041.0,3,0
47423,2020-04-10,Herkimer,New York,36043.0,36,1
47424,2020-04-10,Jefferson,New York,36045.0,43,0
47425,2020-04-10,Lewis,New York,36049.0,6,0
47426,2020-04-10,Livingston,New York,36051.0,29,1
47427,2020-04-10,Madison,New York,36053.0,99,1
47428,2020-04-10,Monroe,New York,36055.0,742,35
47429,2020-04-10,Montgomery,New York,36057.0,29,1
47430,2020-04-10,Nassau,New York,36059.0,21512,890
47431,2020-04-10,New York City,New York,,92384,5663
47432,2020-04-10,Niagara,New York,36063.0,156,1
47433,2020-04-10,Oneida,New York,36065.0,172,2
47434,2020-04-10,Onondaga,New York,36067.0,369,11
47435,2020-04-10,Ontario,New York,36069.0,51,0
47436,2020-04-10,Orange,New York,36071.0,4532,91
47437,2020-04-10,Orleans,New York,36073.0,24,0
47438,2020-04-10,Oswego,New York,36075.0,36,0
47439,2020-04-10,Otsego,New York,36077.0,41,2
47440,2020-04-10,Putnam,New York,36079.0,487,18
47441,2020-04-10,Rensselaer,New York,36083.0,91,4
47442,2020-04-10,Rockland,New York,36087.0,7122,135
47443,2020-04-10,Saratoga,New York,36091.0,182,1
47444,2020-04-10,Schenectady,New York,36093.0,191,9
47445,2020-04-10,Schoharie,New York,36095.0,12,0
47446,2020-04-10,Schuyler,New York,36097.0,5,0
47447,2020-04-10,Seneca,New York,36099.0,15,0
47448,2020-04-10,St. Lawrence,New York,36089.0,78,1
47449,2020-04-10,Steuben,New York,36101.0,117,3
47450,2020-04-10,Suffolk,New York,36103.0,18692,425
47451,2020-04-10,Sullivan,New York,36105.0,318,7
47452,2020-04-10,Tioga,New York,36107.0,18,0
47453,2020-04-10,Tompkins,New York,36109.0,105,0
47454,2020-04-10,Ulster,New York,36111.0,530,2
47455,2020-04-10,Warren,New York,36113.0,43,1
47456,2020-04-10,Washington,New York,36115.0,26,0
47457,2020-04-10,Wayne,New York,36117.0,41,0
47458,2020-04-10,Westchester,New York,36119.0,18077,428
47459,2020-04-10,Wyoming,New York,36121.0,30,0
47460,2020-04-10,Yates,New York,36123.0,2,0
